asset_id,month,avg_efficiency,total_output_kwh,avg_uptime,peak_output_kw,maintenance_events,total_maintenance_cost,maintenance_hours,asset_type,region,capacity_kw,availability_pct,capacity_factor_pct
SPV-001,2023-01,0.6665354838709677,12133.130000000001,20.938709677419357,490.69,0,0.0,0.0,Solar Array,Southern Grid,750,87.24,2.25
SPV-001,2023-02,0.7422035714285714,12131.9,21.489285714285717,553.69,0,0.0,0.0,Solar Array,Southern Grid,750,89.54,2.25
SPV-001,2023-03,0.8610129032258065,15711.81,21.080645161290324,637.6,0,0.0,0.0,Solar Array,Southern Grid,750,87.84,2.91
SPV-001,2023-04,0.94593,16990.6,21.116666666666667,738.55,0,0.0,0.0,Solar Array,Southern Grid,750,87.99,3.15
SPV-001,2023-05,0.9931516129032258,18014.97,21.08709677419355,743.63,0,0.0,0.0,Solar Array,Southern Grid,750,87.86,3.34
SPV-001,2023-06,1.0,18304.47,20.866666666666667,739.58,2,4358.16,21.3,Solar Array,Southern Grid,750,86.94,3.39
SPV-001,2023-07,0.999241935483871,18489.61,20.299999999999997,745.73,0,0.0,0.0,Solar Array,Southern Grid,750,84.58,3.42
SPV-001,2023-08,0.9841129032258065,18381.89,20.88064516129032,745.44,1,2489.51,7.2,Solar Array,Southern Grid,750,87.0,3.4
SPV-001,2023-09,0.8819433333333334,16633.85,20.55666666666667,687.4,0,0.0,0.0,Solar Array,Southern Grid,750,85.65,3.08
SPV-001,2023-10,0.7727548387096774,13791.9,20.635483870967743,603.89,2,10948.54,48.9,Solar Array,Southern Grid,750,85.98,2.55
SPV-001,2023-11,0.7033033333333333,12962.09,20.790000000000003,519.7,0,0.0,0.0,Solar Array,Southern Grid,750,86.63,2.4
SPV-001,2023-12,0.6558580645161289,12365.92,21.496774193548386,474.49,0,0.0,0.0,Solar Array,Southern Grid,750,89.57,2.29
SPV-002,2023-01,0.6125967741935484,10607.5,21.261290322580646,485.56,1,1649.4,4.5,Solar Array,Eastern Grid,750,88.59,1.96
SPV-002,2023-02,0.7001928571428572,11422.27,21.039285714285715,529.43,1,1503.26,4.8,Solar Array,Eastern Grid,750,87.66,2.12
SPV-002,2023-03,0.7765967741935484,14711.539999999999,20.716129032258067,619.09,0,0.0,0.0,Solar Array,Eastern Grid,750,86.32,2.72
SPV-002,2023-04,0.90208,16708.05,20.596666666666668,667.33,0,0.0,0.0,Solar Array,Eastern Grid,750,85.82,3.09
SPV-002,2023-05,0.9710354838709677,18080.58,21.041935483870965,745.28,0,0.0,0.0,Solar Array,Eastern Grid,750,87.67,3.35
SPV-002,2023-06,0.9960066666666666,17470.05,20.896666666666665,739.64,0,0.0,0.0,Solar Array,Eastern Grid,750,87.07,3.24
SPV-002,2023-07,0.9845709677419354,18734.21,20.983870967741936,738.2,0,0.0,0.0,Solar Array,Eastern Grid,750,87.43,3.47
SPV-002,2023-08,0.9168774193548388,16778.71,20.34193548387097,694.78,2,4999.71,20.0,Solar Array,Eastern Grid,750,84.76,3.11
SPV-002,2023-09,0.8252966666666667,14885.42,20.793333333333333,597.5,0,0.0,0.0,Solar Array,Eastern Grid,750,86.64,2.76
SPV-002,2023-10,0.7189,13386.48,21.174193548387095,574.4,0,0.0,0.0,Solar Array,Eastern Grid,750,88.23,2.48
SPV-002,2023-11,0.6317966666666667,11187.25,21.543333333333333,465.95,1,405.11,2.7,Solar Array,Eastern Grid,750,89.76,2.07
SPV-002,2023-12,0.6137548387096774,11365.78,21.20967741935484,491.88,0,0.0,0.0,Solar Array,Eastern Grid,750,88.37,2.1
SPV-003,2023-01,0.6210645161290322,7834.36,20.635483870967743,318.75,0,0.0,0.0,Solar Array,Southern Grid,500,85.98,2.18
SPV-003,2023-02,0.6899,7687.719999999999,21.317857142857143,336.81,0,0.0,0.0,Solar Array,Southern Grid,500,88.82,2.14
SPV-003,2023-03,0.7713967741935484,9768.2,21.05483870967742,402.46,0,0.0,0.0,Solar Array,Southern Grid,500,87.73,2.71
SPV-003,2023-04,0.8736433333333333,10514.8,21.326666666666664,448.43,0,0.0,0.0,Solar Array,Southern Grid,500,88.86,2.92
SPV-003,2023-05,0.9695806451612904,12266.52,20.480645161290322,492.34,0,0.0,0.0,Solar Array,Southern Grid,500,85.34,3.41
SPV-003,2023-06,0.9864766666666667,12014.31,20.259999999999998,494.32,0,0.0,0.0,Solar Array,Southern Grid,500,84.42,3.34
SPV-003,2023-07,0.9692580645161291,11896.07,21.596774193548388,493.5,1,7332.76,19.2,Solar Array,Southern Grid,500,89.99,3.3
SPV-003,2023-08,0.9108774193548388,11202.67,20.43548387096774,476.81,0,0.0,0.0,Solar Array,Southern Grid,500,85.15,3.11
SPV-003,2023-09,0.80771,9345.02,20.80666666666667,428.1,1,494.81,2.2,Solar Array,Southern Grid,500,86.69,2.6
SPV-003,2023-10,0.718058064516129,8909.11,20.651612903225807,374.59,0,0.0,0.0,Solar Array,Southern Grid,500,86.05,2.47
SPV-003,2023-11,0.6351766666666666,7605.21,20.863333333333333,324.8,1,2847.65,8.0,Solar Array,Southern Grid,500,86.93,2.11
SPV-003,2023-12,0.6045354838709678,7436.55,20.9741935483871,303.16,0,0.0,0.0,Solar Array,Southern Grid,500,87.39,2.07
SPV-004,2023-01,0.6119645161290322,7537.68,21.08709677419355,321.59,0,0.0,0.0,Solar Array,Eastern Grid,500,87.86,2.09
SPV-004,2023-02,0.6789321428571429,7626.08,20.675,365.77,0,0.0,0.0,Solar Array,Eastern Grid,500,86.15,2.12
SPV-004,2023-03,0.7702935483870968,9867.75,21.81935483870968,397.25,0,0.0,0.0,Solar Array,Eastern Grid,500,90.91,2.74
SPV-004,2023-04,0.86834,10337.96,20.826666666666664,437.07,0,0.0,0.0,Solar Array,Eastern Grid,500,86.78,2.87
SPV-004,2023-05,0.9315870967741936,11507.62,20.729032258064517,472.5,1,11433.26,30.1,Solar Array,Eastern Grid,500,86.37,3.2
SPV-004,2023-06,0.96839,12042.4,21.41,498.9,0,0.0,0.0,Solar Array,Eastern Grid,500,89.21,3.35
SPV-004,2023-07,0.9337225806451612,11152.05,20.438709677419357,480.83,0,0.0,0.0,Solar Array,Eastern Grid,500,85.16,3.1
SPV-004,2023-08,0.8653935483870968,10748.87,21.274193548387096,441.43,1,2393.64,6.7,Solar Array,Eastern Grid,500,88.64,2.99
SPV-004,2023-09,0.7855533333333333,9993.37,21.513333333333332,427.82,1,11551.06,42.6,Solar Array,Eastern Grid,500,89.64,2.78
SPV-004,2023-10,0.7074774193548387,8509.06,20.980645161290322,367.84,0,0.0,0.0,Solar Array,Eastern Grid,500,87.42,2.36
SPV-004,2023-11,0.6072466666666667,6974.97,20.5,308.69,0,0.0,0.0,Solar Array,Eastern Grid,500,85.42,1.94
SPV-004,2023-12,0.580658064516129,7346.47,20.793548387096774,308.17,1,3057.09,10.4,Solar Array,Eastern Grid,500,86.64,2.04
SPV-005,2023-01,0.6834032258064516,12434.47,20.774193548387096,520.98,1,952.68,6.0,Solar Array,Eastern Grid,750,86.56,2.3
SPV-005,2023-02,0.7617428571428572,13350.61,20.70357142857143,599.18,0,0.0,0.0,Solar Array,Eastern Grid,750,86.26,2.47
SPV-005,2023-03,0.8602290322580646,15589.11,20.970967741935485,692.41,0,0.0,0.0,Solar Array,Eastern Grid,750,87.38,2.89
SPV-005,2023-04,0.9671033333333334,17515.85,21.123333333333335,728.29,0,0.0,0.0,Solar Array,Eastern Grid,750,88.01,3.24
SPV-005,2023-05,0.999241935483871,18945.21,20.906451612903226,745.66,0,0.0,0.0,Solar Array,Eastern Grid,750,87.11,3.51
SPV-005,2023-06,0.9939766666666666,19054.27,21.206666666666667,742.63,1,6634.83,26.3,Solar Array,Eastern Grid,750,88.36,3.53
SPV-005,2023-07,0.9825258064516129,17694.69,20.958064516129035,730.74,1,3822.25,16.5,Solar Array,Eastern Grid,750,87.33,3.28
SPV-005,2023-08,0.9749709677419355,18262.53,20.97741935483871,734.02,1,2871.39,13.8,Solar Array,Eastern Grid,750,87.41,3.38
SPV-005,2023-09,0.88201,15733.02,20.4,675.72,0,0.0,0.0,Solar Array,Eastern Grid,750,85.0,2.91
SPV-005,2023-10,0.7785548387096775,14899.66,21.26451612903226,597.32,0,0.0,0.0,Solar Array,Eastern Grid,750,88.6,2.76
SPV-005,2023-11,0.7022966666666667,12772.32,21.2,537.3,0,0.0,0.0,Solar Array,Eastern Grid,750,88.33,2.37
SPV-005,2023-12,0.6536709677419354,12416.75,21.129032258064516,499.71,1,1557.39,6.0,Solar Array,Eastern Grid,750,88.04,2.3
SPV-006,2023-01,0.6344870967741936,11745.17,21.13225806451613,469.2,1,1479.22,4.2,Solar Array,Western Grid,750,88.05,2.18
SPV-006,2023-02,0.682975,11872.26,20.910714285714285,544.58,0,0.0,0.0,Solar Array,Western Grid,750,87.13,2.2
SPV-006,2023-03,0.7970967741935484,14884.43,21.016129032258064,645.79,0,0.0,0.0,Solar Array,Western Grid,750,87.57,2.76
SPV-006,2023-04,0.8913533333333333,15993.08,20.779999999999998,676.89,0,0.0,0.0,Solar Array,Western Grid,750,86.58,2.96
SPV-006,2023-05,0.9566645161290322,17830.92,20.783870967741933,741.58,0,0.0,0.0,Solar Array,Western Grid,750,86.6,3.3
SPV-006,2023-06,0.9847766666666666,17788.9,21.113333333333333,745.58,1,3674.67,17.7,Solar Array,Western Grid,750,87.97,3.29
SPV-006,2023-07,0.9899935483870967,19174.010000000002,20.706451612903226,748.77,0,0.0,0.0,Solar Array,Western Grid,750,86.28,3.55
SPV-006,2023-08,0.9262387096774194,17128.85,21.812903225806455,733.65,0,0.0,0.0,Solar Array,Western Grid,750,90.89,3.17
SPV-006,2023-09,0.8302966666666667,14290.34,20.52,639.54,0,0.0,0.0,Solar Array,Western Grid,750,85.5,2.65
SPV-006,2023-10,0.7235129032258064,13512.29,20.57741935483871,556.92,0,0.0,0.0,Solar Array,Western Grid,750,85.74,2.5
SPV-006,2023-11,0.6363333333333333,11700.91,20.83,494.16,0,0.0,0.0,Solar Array,Western Grid,750,86.79,2.17
SPV-006,2023-12,0.6105322580645162,11372.25,20.996774193548386,460.68,0,0.0,0.0,Solar Array,Western Grid,750,87.49,2.11
SPV-007,2023-01,0.7048677419354838,16926.1,21.061290322580643,694.36,1,865.7,4.1,Solar Array,Southern Grid,1000,87.76,2.35
SPV-007,2023-02,0.771,17313.21,20.889285714285712,796.71,1,1950.75,4.9,Solar Array,Southern Grid,1000,87.04,2.4
SPV-007,2023-03,0.8650967741935485,20924.75,21.24516129032258,908.07,1,16759.93,42.6,Solar Array,Southern Grid,1000,88.52,2.91
SPV-007,2023-04,0.9745766666666668,23475.66,21.176666666666666,916.21,0,0.0,0.0,Solar Array,Southern Grid,1000,88.24,3.26
SPV-007,2023-05,1.0,23951.88,21.219354838709677,989.64,1,327.31,1.7,Solar Array,Southern Grid,1000,88.41,3.33
SPV-007,2023-06,1.0,23803.52,21.44,964.68,0,0.0,0.0,Solar Array,Southern Grid,1000,89.33,3.31
SPV-007,2023-07,0.9921064516129031,25595.74,21.02258064516129,999.01,0,0.0,0.0,Solar Array,Southern Grid,1000,87.59,3.55
SPV-007,2023-08,0.989574193548387,24855.33,21.238709677419354,998.39,1,6470.61,20.8,Solar Array,Southern Grid,1000,88.49,3.45
SPV-007,2023-09,0.9023933333333333,21897.2,20.540000000000003,902.01,0,0.0,0.0,Solar Array,Southern Grid,1000,85.58,3.04
SPV-007,2023-10,0.7929903225806452,19601.68,21.351612903225806,787.14,1,1063.53,4.2,Solar Array,Southern Grid,1000,88.97,2.72
SPV-007,2023-11,0.7065666666666667,16901.3,21.05666666666667,692.86,0,0.0,0.0,Solar Array,Southern Grid,1000,87.74,2.35
SPV-007,2023-12,0.6557709677419356,16316.77,21.82903225806452,663.97,1,3131.59,14.6,Solar Array,Southern Grid,1000,90.95,2.27
SPV-008,2023-01,0.6124935483870968,14895.55,20.729032258064517,651.05,0,0.0,0.0,Solar Array,Western Grid,1000,86.37,2.07
SPV-008,2023-02,0.6691964285714286,15246.54,20.767857142857142,703.78,2,3828.8700000000003,11.4,Solar Array,Western Grid,1000,86.53,2.12
SPV-008,2023-03,0.7675387096774194,18572.05,20.919354838709676,793.61,0,0.0,0.0,Solar Array,Western Grid,1000,87.16,2.58
SPV-008,2023-04,0.8699600000000001,21007.6,21.03666666666667,896.14,0,0.0,0.0,Solar Array,Western Grid,1000,87.65,2.92
SPV-008,2023-05,0.9438806451612903,22200.24,20.16774193548387,888.94,0,0.0,0.0,Solar Array,Western Grid,1000,84.03,3.08
SPV-008,2023-06,0.96987,23204.58,21.073333333333334,967.15,1,1060.57,3.7,Solar Array,Western Grid,1000,87.81,3.22
SPV-008,2023-07,0.9606774193548386,23805.96,21.338709677419356,970.3,0,0.0,0.0,Solar Array,Western Grid,1000,88.91,3.31
SPV-008,2023-08,0.8896258064516128,22739.48,20.683870967741935,895.04,1,2907.54,18.0,Solar Array,Western Grid,1000,86.18,3.16
SPV-008,2023-09,0.7961266666666666,19821.11,21.43,851.7,0,0.0,0.0,Solar Array,Western Grid,1000,89.29,2.75
SPV-008,2023-10,0.6980064516129033,17112.1,20.68064516129032,737.71,0,0.0,0.0,Solar Array,Western Grid,1000,86.17,2.38
SPV-008,2023-11,0.6301433333333333,15144.289999999999,21.06,637.65,0,0.0,0.0,Solar Array,Western Grid,1000,87.75,2.1
SPV-008,2023-12,0.5628741935483872,14202.65,21.103225806451615,620.79,0,0.0,0.0,Solar Array,Western Grid,1000,87.93,1.97
SUB-001,2023-01,0.8522064516129032,205671.17,20.648387096774194,8460.12,0,0.0,0.0,Substation,Western Grid,10000,86.03,2.86
SUB-001,2023-02,0.84245,190665.45,20.460714285714285,8682.92,1,1254.45,4.2,Substation,Western Grid,10000,85.25,2.65
SUB-001,2023-03,0.8374161290322581,199049.61,20.903225806451612,8331.63,2,6300.870000000001,18.900000000000002,Substation,Western Grid,10000,87.1,2.76
SUB-001,2023-04,0.8483733333333333,199267.82,21.076666666666664,8552.27,0,0.0,0.0,Substation,Western Grid,10000,87.82,2.77
SUB-001,2023-05,0.8468129032258065,202399.29,20.603225806451615,8753.32,1,1585.48,7.8,Substation,Western Grid,10000,85.85,2.81
SUB-001,2023-06,0.85529,205455.34,21.62,8910.73,0,0.0,0.0,Substation,Western Grid,10000,90.08,2.85
SUB-001,2023-07,0.8468000000000001,202847.58,20.780645161290323,8494.42,0,0.0,0.0,Substation,Western Grid,10000,86.59,2.82
SUB-001,2023-08,0.852083870967742,227537.19999999998,20.87741935483871,8836.09,0,0.0,0.0,Substation,Western Grid,10000,86.99,3.16
SUB-001,2023-09,0.8498533333333333,199524.88,21.256666666666664,8835.52,0,0.0,0.0,Substation,Western Grid,10000,88.57,2.77
SUB-001,2023-10,0.8556612903225806,219606.28,21.261290322580646,8384.32,1,2289.06,7.9,Substation,Western Grid,10000,88.59,3.05
SUB-001,2023-11,0.8526366666666667,194773.97,21.146666666666665,8313.97,0,0.0,0.0,Substation,Western Grid,10000,88.11,2.71
SUB-001,2023-12,0.8597225806451613,203145.38999999998,21.151612903225807,8941.21,0,0.0,0.0,Substation,Western Grid,10000,88.13,2.82
SUB-002,2023-01,0.8051290322580645,194197.23,20.79032258064516,7871.87,0,0.0,0.0,Substation,Northern Grid,10000,86.63,2.7
SUB-002,2023-02,0.8072928571428571,185004.76,21.035714285714285,8146.2,0,0.0,0.0,Substation,Northern Grid,10000,87.65,2.57
SUB-002,2023-03,0.8192096774193548,213908.66,21.325806451612905,8192.04,1,1384.5,7.2,Substation,Northern Grid,10000,88.86,2.97
SUB-002,2023-04,0.8152200000000001,191973.76,20.753333333333334,7841.8,0,0.0,0.0,Substation,Northern Grid,10000,86.47,2.67
SUB-002,2023-05,0.8225096774193549,206152.98,20.651612903225807,7974.71,0,0.0,0.0,Substation,Northern Grid,10000,86.05,2.86
SUB-002,2023-06,0.8187599999999999,199134.72,20.813333333333333,8336.23,1,1222.88,6.7,Substation,Northern Grid,10000,86.72,2.77
SUB-002,2023-07,0.8204225806451613,206711.92,20.76774193548387,8121.77,0,0.0,0.0,Substation,Northern Grid,10000,86.53,2.87
SUB-002,2023-08,0.8043967741935484,191480.76,20.751612903225805,8123.03,0,0.0,0.0,Substation,Northern Grid,10000,86.47,2.66
SUB-002,2023-09,0.8238833333333333,200145.88,20.82,8879.3,0,0.0,0.0,Substation,Northern Grid,10000,86.75,2.78
SUB-002,2023-10,0.818516129032258,203263.65,20.567741935483873,8195.09,0,0.0,0.0,Substation,Northern Grid,10000,85.7,2.82
SUB-002,2023-11,0.8150866666666666,189594.82,20.55666666666667,7877.85,1,5397.87,19.6,Substation,Northern Grid,10000,85.65,2.63
SUB-002,2023-12,0.820274193548387,196277.25,20.719354838709677,7787.91,0,0.0,0.0,Substation,Northern Grid,10000,86.33,2.73
SUB-003,2023-01,0.8432838709677419,430906.29,21.438709677419357,17282.25,1,13679.33,36.5,Substation,Western Grid,20000,89.33,2.99
SUB-003,2023-02,0.832392857142857,397479.24,21.457142857142856,16776.46,1,1455.14,3.7,Substation,Western Grid,20000,89.4,2.76
SUB-003,2023-03,0.8272451612903226,418210.41,21.34193548387097,17494.14,0,0.0,0.0,Substation,Western Grid,20000,88.92,2.9
SUB-003,2023-04,0.8323866666666666,397706.24,21.203333333333333,17368.36,0,0.0,0.0,Substation,Western Grid,20000,88.35,2.76
SUB-003,2023-05,0.8167451612903226,398456.39,21.396774193548385,16705.02,0,0.0,0.0,Substation,Western Grid,20000,89.15,2.77
SUB-003,2023-06,0.8171499999999999,418329.76,20.836666666666666,17288.37,1,6172.51,18.0,Substation,Western Grid,20000,86.82,2.91
SUB-003,2023-07,0.8275516129032258,406540.86,21.258064516129032,16538.64,0,0.0,0.0,Substation,Western Grid,20000,88.58,2.82
SUB-003,2023-08,0.8312612903225806,399511.82,20.90967741935484,17006.47,1,5463.7,23.9,Substation,Western Grid,20000,87.12,2.77
SUB-003,2023-09,0.8145833333333333,399964.98,20.8,16419.62,2,1388.22,5.699999999999999,Substation,Western Grid,20000,86.67,2.78
SUB-003,2023-10,0.8272387096774194,404007.58999999997,20.751612903225805,17154.1,0,0.0,0.0,Substation,Western Grid,20000,86.47,2.81
SUB-003,2023-11,0.8357833333333333,399123.72,20.763333333333332,17111.63,1,6410.74,21.4,Substation,Western Grid,20000,86.51,2.77
SUB-003,2023-12,0.827825806451613,407916.41,20.980645161290322,16539.42,1,3943.96,13.6,Substation,Western Grid,20000,87.42,2.83
SUB-004,2023-01,0.868683870967742,448655.52,20.838709677419356,17302.88,0,0.0,0.0,Substation,Western Grid,20000,86.83,3.12
SUB-004,2023-02,0.8525357142857143,373985.0,20.62857142857143,16323.89,0,0.0,0.0,Substation,Western Grid,20000,85.95,2.6
SUB-004,2023-03,0.8560612903225807,438179.17,21.23225806451613,17153.39,0,0.0,0.0,Substation,Western Grid,20000,88.47,3.04
SUB-004,2023-04,0.86359,413121.01,20.566666666666666,17166.83,1,4405.78,22.6,Substation,Western Grid,20000,85.69,2.87
SUB-004,2023-05,0.8668354838709678,431239.83,20.503225806451614,17947.03,0,0.0,0.0,Substation,Western Grid,20000,85.43,2.99
SUB-004,2023-06,0.8364600000000001,404213.29,21.273333333333333,17411.25,0,0.0,0.0,Substation,Western Grid,20000,88.64,2.81
SUB-004,2023-07,0.8782516129032258,440155.51,21.0,18139.13,0,0.0,0.0,Substation,Western Grid,20000,87.5,3.06
SUB-004,2023-08,0.8753612903225806,433213.21,20.848387096774193,17435.49,1,1035.37,3.1,Substation,Western Grid,20000,86.87,3.01
SUB-004,2023-09,0.8785366666666667,422927.47000000003,21.173333333333336,17327.15,0,0.0,0.0,Substation,Western Grid,20000,88.22,2.94
SUB-004,2023-10,0.8651000000000001,412817.27,20.990322580645163,17058.89,1,3021.09,13.1,Substation,Western Grid,20000,87.46,2.87
SUB-004,2023-11,0.8687433333333333,412169.68,20.766666666666666,18315.17,2,3184.35,11.6,Substation,Western Grid,20000,86.53,2.86
SUB-004,2023-12,0.8785967741935484,424714.55,20.5258064516129,17689.08,1,1031.38,5.6,Substation,Western Grid,20000,85.52,2.95
WTG-001,2023-01,0.9581064516129032,46584.26,20.648387096774194,1916.87,1,2415.27,9.3,Wind Turbine,Northern Grid,2000,86.03,3.24
WTG-001,2023-02,0.9723142857142857,43267.68,20.689285714285713,1920.48,1,4139.17,23.4,Wind Turbine,Northern Grid,2000,86.21,3.0
WTG-001,2023-03,0.928841935483871,46916.42,21.34193548387097,1926.45,0,0.0,0.0,Wind Turbine,Northern Grid,2000,88.92,3.26
WTG-001,2023-04,0.87031,41047.53,20.866666666666667,1837.98,0,0.0,0.0,Wind Turbine,Northern Grid,2000,86.94,2.85
WTG-001,2023-05,0.8147806451612902,39823.24,20.338709677419356,1554.43,0,0.0,0.0,Wind Turbine,Northern Grid,2000,84.74,2.77
WTG-001,2023-06,0.74678,36446.14,20.75,1528.95,0,0.0,0.0,Wind Turbine,Northern Grid,2000,86.46,2.53
WTG-001,2023-07,0.7324129032258064,36667.12,21.177419354838708,1483.21,0,0.0,0.0,Wind Turbine,Northern Grid,2000,88.24,2.55
WTG-001,2023-08,0.7214354838709677,36254.72,21.09032258064516,1397.97,0,0.0,0.0,Wind Turbine,Northern Grid,2000,87.88,2.52
WTG-001,2023-09,0.7563833333333334,35184.03,21.266666666666666,1465.91,0,0.0,0.0,Wind Turbine,Northern Grid,2000,88.61,2.44
WTG-001,2023-10,0.8078322580645161,39301.82,20.970967741935485,1600.29,1,4368.73,11.5,Wind Turbine,Northern Grid,2000,87.38,2.73
WTG-001,2023-11,0.8682133333333333,40481.77,21.220000000000002,1743.68,0,0.0,0.0,Wind Turbine,Northern Grid,2000,88.42,2.81
WTG-001,2023-12,0.9078129032258064,45960.75,21.683870967741935,1875.42,1,560.59,2.7,Wind Turbine,Northern Grid,2000,90.35,3.19
WTG-002,2023-01,0.9943,48763.78,20.741935483870968,1990.43,0,0.0,0.0,Wind Turbine,Northern Grid,2000,86.42,3.39
WTG-002,2023-02,0.9998928571428571,45531.8,21.22142857142857,1965.96,1,5039.02,13.0,Wind Turbine,Northern Grid,2000,88.42,3.16
WTG-002,2023-03,0.9910870967741936,50238.43,20.94516129032258,1994.6,0,0.0,0.0,Wind Turbine,Northern Grid,2000,87.27,3.49
WTG-002,2023-04,0.9707399999999999,47411.2,21.116666666666667,1926.65,0,0.0,0.0,Wind Turbine,Northern Grid,2000,87.99,3.29
WTG-002,2023-05,0.9092032258064516,43967.91,21.029032258064515,1755.19,0,0.0,0.0,Wind Turbine,Northern Grid,2000,87.62,3.05
WTG-002,2023-06,0.85244,40115.54,20.896666666666665,1693.8,0,0.0,0.0,Wind Turbine,Northern Grid,2000,87.07,2.79
WTG-002,2023-07,0.8117451612903226,39781.45,20.94516129032258,1654.93,0,0.0,0.0,Wind Turbine,Northern Grid,2000,87.27,2.76
WTG-002,2023-08,0.7993064516129033,40710.909999999996,21.138709677419353,1648.07,0,0.0,0.0,Wind Turbine,Northern Grid,2000,88.08,2.83
WTG-002,2023-09,0.83755,39476.75,20.973333333333336,1636.8,1,5922.88,29.6,Wind Turbine,Northern Grid,2000,87.39,2.74
WTG-002,2023-10,0.914525806451613,43750.69,21.664516129032258,1848.99,0,0.0,0.0,Wind Turbine,Northern Grid,2000,90.27,3.04
WTG-002,2023-11,0.9769466666666666,47019.69,21.19333333333333,1951.65,0,0.0,0.0,Wind Turbine,Northern Grid,2000,88.31,3.27
WTG-002,2023-12,0.9866806451612903,48707.57,20.725806451612904,1997.56,0,0.0,0.0,Wind Turbine,Northern Grid,2000,86.36,3.38
WTG-003,2023-01,0.9997451612903226,60588.44,21.200000000000003,2445.02,0,0.0,0.0,Wind Turbine,Northern Grid,2500,88.33,3.37
WTG-003,2023-02,0.9981035714285714,54389.54,20.75,2453.63,0,0.0,0.0,Wind Turbine,Northern Grid,2500,86.46,3.02
WTG-003,2023-03,0.9788967741935484,61350.7,21.374193548387098,2468.73,1,675.78,4.0,Wind Turbine,Northern Grid,2500,89.06,3.41
WTG-003,2023-04,0.9474533333333334,55213.77,20.543333333333333,2360.2,0,0.0,0.0,Wind Turbine,Northern Grid,2500,85.6,3.07
WTG-003,2023-05,0.8742580645161291,53701.4,20.37741935483871,2210.25,1,612.09,3.0,Wind Turbine,Northern Grid,2500,84.91,2.98
WTG-003,2023-06,0.8206533333333332,49217.21,21.19333333333333,2028.9,0,0.0,0.0,Wind Turbine,Northern Grid,2500,88.31,2.73
WTG-003,2023-07,0.7822870967741936,49513.340000000004,20.990322580645163,1977.09,1,4672.62,26.9,Wind Turbine,Northern Grid,2500,87.46,2.75
WTG-003,2023-08,0.7767258064516128,49318.36,20.845161290322583,2040.01,2,2023.0,10.3,Wind Turbine,Northern Grid,2500,86.85,2.74
WTG-003,2023-09,0.8224466666666667,45681.98,21.38,2042.16,1,18816.7,48.0,Wind Turbine,Northern Grid,2500,89.08,2.54
WTG-003,2023-10,0.8794096774193548,54121.57,21.177419354838708,2312.18,0,0.0,0.0,Wind Turbine,Northern Grid,2500,88.24,3.01
WTG-003,2023-11,0.9429133333333334,54501.09,20.58,2308.62,1,1300.94,3.3,Wind Turbine,Northern Grid,2500,85.75,3.03
WTG-003,2023-12,0.9825548387096774,61539.79,20.758064516129032,2418.52,0,0.0,0.0,Wind Turbine,Northern Grid,2500,86.49,3.42
WTG-004,2023-01,1.0,83526.25,21.338709677419356,3435.19,0,0.0,0.0,Wind Turbine,Southern Grid,3500,88.91,3.31
WTG-004,2023-02,0.9925928571428572,80337.32,21.196428571428573,3423.17,0,0.0,0.0,Wind Turbine,Southern Grid,3500,88.32,3.19
WTG-004,2023-03,0.9905322580645161,83405.77,20.65806451612903,3453.61,1,755.14,3.3,Wind Turbine,Southern Grid,3500,86.08,3.31
WTG-004,2023-04,0.9595800000000001,80685.6,20.723333333333336,3445.98,0,0.0,0.0,Wind Turbine,Southern Grid,3500,86.35,3.2
WTG-004,2023-05,0.8888483870967743,75623.53,20.538709677419355,3184.22,1,1404.4,7.1,Wind Turbine,Southern Grid,3500,85.58,3.0
WTG-004,2023-06,0.82854,68727.55,20.446666666666665,2978.54,0,0.0,0.0,Wind Turbine,Southern Grid,3500,85.19,2.73
WTG-004,2023-07,0.783341935483871,68606.67,21.01290322580645,2837.58,0,0.0,0.0,Wind Turbine,Southern Grid,3500,87.55,2.72
WTG-004,2023-08,0.7883870967741936,70234.1,20.990322580645163,2972.25,2,2823.2,11.899999999999999,Wind Turbine,Southern Grid,3500,87.46,2.79
WTG-004,2023-09,0.80369,66477.31,21.529999999999998,3022.07,1,1557.32,3.9,Wind Turbine,Southern Grid,3500,89.71,2.64
WTG-004,2023-10,0.8828903225806451,72514.53,20.88064516129032,3137.02,1,870.44,3.6,Wind Turbine,Southern Grid,3500,87.0,2.88
WTG-004,2023-11,0.9253133333333333,82567.36,21.279999999999998,3303.39,0,0.0,0.0,Wind Turbine,Southern Grid,3500,88.67,3.28
WTG-004,2023-12,0.996683870967742,87738.81,20.796774193548387,3446.47,2,8877.61,31.0,Wind Turbine,Southern Grid,3500,86.65,3.48
WTG-005,2023-01,0.9552967741935484,58782.39,20.93548387096774,2368.88,0,0.0,0.0,Wind Turbine,Northern Grid,2500,87.23,3.27
WTG-005,2023-02,0.9511571428571429,52994.23,20.77857142857143,2462.76,0,0.0,0.0,Wind Turbine,Northern Grid,2500,86.58,2.94
WTG-005,2023-03,0.9123806451612902,55578.35,21.193548387096776,2331.79,0,0.0,0.0,Wind Turbine,Northern Grid,2500,88.31,3.09
WTG-005,2023-04,0.8646633333333333,51903.16,21.126666666666665,2216.4,1,1199.44,7.4,Wind Turbine,Northern Grid,2500,88.03,2.88
WTG-005,2023-05,0.7867258064516129,48338.21,20.783870967741933,2037.3,1,2869.2,18.8,Wind Turbine,Northern Grid,2500,86.6,2.69
WTG-005,2023-06,0.71783,40576.17,20.60666666666667,1841.64,1,1215.29,4.7,Wind Turbine,Northern Grid,2500,85.86,2.25
WTG-005,2023-07,0.7102870967741935,42018.2,21.40967741935484,1813.85,0,0.0,0.0,Wind Turbine,Northern Grid,2500,89.21,2.33
WTG-005,2023-08,0.7125967741935484,43865.15,21.33225806451613,1817.47,0,0.0,0.0,Wind Turbine,Northern Grid,2500,88.88,2.44
WTG-005,2023-09,0.7455433333333333,43949.409999999996,21.196666666666665,1866.7,2,14246.66,67.5,Wind Turbine,Northern Grid,2500,88.32,2.44
WTG-005,2023-10,0.809141935483871,49677.28,20.796774193548387,2070.72,0,0.0,0.0,Wind Turbine,Northern Grid,2500,86.65,2.76
WTG-005,2023-11,0.8637766666666666,53390.31,21.17,2177.78,1,14337.08,37.5,Wind Turbine,Northern Grid,2500,88.21,2.97
WTG-005,2023-12,0.9134548387096774,58955.09,20.761290322580646,2334.52,1,7594.09,21.4,Wind Turbine,Northern Grid,2500,86.51,3.28
WTG-006,2023-01,0.9357161290322581,67757.96,21.24516129032258,2755.83,1,13305.09,33.7,Wind Turbine,Southern Grid,3000,88.52,3.14
WTG-006,2023-02,0.9183714285714286,61969.89,20.607142857142858,2837.24,0,0.0,0.0,Wind Turbine,Southern Grid,3000,85.86,2.87
WTG-006,2023-03,0.8942064516129032,66687.71,20.94516129032258,2777.45,0,0.0,0.0,Wind Turbine,Southern Grid,3000,87.27,3.09
WTG-006,2023-04,0.8453033333333334,62180.22,21.029999999999998,2732.39,3,8462.96,39.1,Wind Turbine,Southern Grid,3000,87.62,2.88
WTG-006,2023-05,0.781741935483871,56007.77,21.851612903225806,2339.8,1,515.22,1.4,Wind Turbine,Southern Grid,3000,91.05,2.59
WTG-006,2023-06,0.7256933333333334,54230.66,20.776666666666664,2305.44,1,1513.58,6.2,Wind Turbine,Southern Grid,3000,86.57,2.51
WTG-006,2023-07,0.6989387096774194,51709.58,20.97741935483871,1967.33,1,1559.83,5.3,Wind Turbine,Southern Grid,3000,87.41,2.39
WTG-006,2023-08,0.6863354838709677,52569.94,20.93548387096774,2202.67,0,0.0,0.0,Wind Turbine,Southern Grid,3000,87.23,2.43
WTG-006,2023-09,0.7223933333333333,52875.45,20.290000000000003,2345.19,0,0.0,0.0,Wind Turbine,Southern Grid,3000,84.54,2.45
WTG-006,2023-10,0.7868193548387097,61037.73,20.75483870967742,2265.03,0,0.0,0.0,Wind Turbine,Southern Grid,3000,86.48,2.83
WTG-006,2023-11,0.8449166666666666,58046.03,21.009999999999998,2439.53,0,0.0,0.0,Wind Turbine,Southern Grid,3000,87.54,2.69
WTG-006,2023-12,0.8865870967741936,67279.01,20.716129032258067,2726.36,1,631.57,3.3,Wind Turbine,Southern Grid,3000,86.32,3.11
WTG-007,2023-01,0.994841935483871,74448.98,21.032258064516128,2955.74,0,0.0,0.0,Wind Turbine,Eastern Grid,3000,87.63,3.45
WTG-007,2023-02,0.9945607142857142,67534.06999999999,20.560714285714287,2997.24,1,1157.9,3.2,Wind Turbine,Eastern Grid,3000,85.67,3.13
WTG-007,2023-03,0.9943064516129032,73789.85,20.806451612903224,2983.68,0,0.0,0.0,Wind Turbine,Eastern Grid,3000,86.69,3.42
WTG-007,2023-04,0.9780233333333332,71079.48,21.1,2934.1,0,0.0,0.0,Wind Turbine,Eastern Grid,3000,87.92,3.29
WTG-007,2023-05,0.9229419354838709,67927.22,21.248387096774195,2859.75,1,4365.66,23.4,Wind Turbine,Eastern Grid,3000,88.53,3.14
WTG-007,2023-06,0.83923,59611.68,20.666666666666668,2508.41,2,8242.36,23.9,Wind Turbine,Eastern Grid,3000,86.11,2.76
WTG-007,2023-07,0.8110709677419355,59227.86,20.493548387096773,2531.7,0,0.0,0.0,Wind Turbine,Eastern Grid,3000,85.39,2.74
WTG-007,2023-08,0.8076870967741935,56884.05,20.76774193548387,2307.81,0,0.0,0.0,Wind Turbine,Eastern Grid,3000,86.53,2.63
WTG-007,2023-09,0.8371333333333334,61558.33,21.276666666666664,2556.88,0,0.0,0.0,Wind Turbine,Eastern Grid,3000,88.65,2.85
WTG-007,2023-10,0.9177322580645161,64695.22,21.37741935483871,2738.89,0,0.0,0.0,Wind Turbine,Eastern Grid,3000,89.07,3.0
WTG-007,2023-11,0.9603333333333333,68970.5,20.666666666666668,2951.19,2,9086.55,31.8,Wind Turbine,Eastern Grid,3000,86.11,3.19
WTG-007,2023-12,0.9980548387096774,76360.85,21.05806451612903,2987.91,1,685.65,3.7,Wind Turbine,Eastern Grid,3000,87.74,3.54
WTG-008,2023-01,0.9794096774193548,49567.95,21.006451612903227,1953.97,0,0.0,0.0,Wind Turbine,Western Grid,2000,87.53,3.44
WTG-008,2023-02,0.9919535714285714,41769.4,21.3,1906.61,1,985.84,4.0,Wind Turbine,Western Grid,2000,88.75,2.9
WTG-008,2023-03,0.9703322580645162,47902.58,21.129032258064516,1861.35,0,0.0,0.0,Wind Turbine,Western Grid,2000,88.04,3.33
WTG-008,2023-04,0.9166666666666666,44009.55,21.05,1950.53,1,1496.3,4.1,Wind Turbine,Western Grid,2000,87.71,3.06
WTG-008,2023-05,0.8445258064516129,41304.76,21.18064516129032,1751.76,0,0.0,0.0,Wind Turbine,Western Grid,2000,88.25,2.87
WTG-008,2023-06,0.7928633333333334,40224.7,21.066666666666666,1605.12,0,0.0,0.0,Wind Turbine,Western Grid,2000,87.78,2.79
WTG-008,2023-07,0.7374774193548387,37276.79,20.948387096774194,1557.83,0,0.0,0.0,Wind Turbine,Western Grid,2000,87.28,2.59
WTG-008,2023-08,0.758016129032258,39284.39,20.90967741935484,1586.52,0,0.0,0.0,Wind Turbine,Western Grid,2000,87.12,2.73
WTG-008,2023-09,0.7776233333333333,36941.62,20.853333333333335,1609.83,0,0.0,0.0,Wind Turbine,Western Grid,2000,86.89,2.57
WTG-008,2023-10,0.8389838709677419,40209.97,20.883870967741935,1648.96,0,0.0,0.0,Wind Turbine,Western Grid,2000,87.02,2.79
WTG-008,2023-11,0.9148833333333334,44688.98,21.33,1819.12,0,0.0,0.0,Wind Turbine,Western Grid,2000,88.88,3.1
WTG-008,2023-12,0.9594419354838709,46020.1,21.02258064516129,1813.77,1,5959.15,22.0,Wind Turbine,Western Grid,2000,87.59,3.2
WTG-009,2023-01,0.9441193548387097,61184.93,21.35483870967742,2371.13,1,838.25,2.3,Wind Turbine,Eastern Grid,2500,88.98,3.4
WTG-009,2023-02,0.9405642857142856,52987.71,21.460714285714285,2351.02,0,0.0,0.0,Wind Turbine,Eastern Grid,2500,89.42,2.94
WTG-009,2023-03,0.8976193548387097,58173.93,21.20967741935484,2385.04,2,1766.6799999999998,5.4,Wind Turbine,Eastern Grid,2500,88.37,3.23
WTG-009,2023-04,0.86022,49392.71,20.686666666666667,2223.26,0,0.0,0.0,Wind Turbine,Eastern Grid,2500,86.19,2.74
WTG-009,2023-05,0.7946806451612903,50285.81,21.07741935483871,2067.19,0,0.0,0.0,Wind Turbine,Eastern Grid,2500,87.82,2.79
WTG-009,2023-06,0.7184933333333333,42686.24,21.096666666666668,1766.09,0,0.0,0.0,Wind Turbine,Eastern Grid,2500,87.9,2.37
WTG-009,2023-07,0.7037935483870967,41594.5,21.370967741935484,1808.25,1,437.54,1.4,Wind Turbine,Eastern Grid,2500,89.05,2.31
WTG-009,2023-08,0.6732225806451614,41867.8,20.603225806451615,1782.73,1,1451.29,4.2,Wind Turbine,Eastern Grid,2500,85.85,2.33
WTG-009,2023-09,0.7265466666666666,42841.09,21.183333333333334,1898.89,0,0.0,0.0,Wind Turbine,Eastern Grid,2500,88.26,2.38
WTG-009,2023-10,0.7829838709677419,49626.79,20.816129032258065,2115.36,1,536.72,2.2,Wind Turbine,Eastern Grid,2500,86.73,2.76
WTG-009,2023-11,0.8524566666666666,50750.96,20.776666666666664,2184.21,1,1812.03,6.0,Wind Turbine,Eastern Grid,2500,86.57,2.82
WTG-009,2023-12,0.9034516129032258,55830.93,21.083870967741937,2376.95,0,0.0,0.0,Wind Turbine,Eastern Grid,2500,87.85,3.1
WTG-010,2023-01,0.9932774193548387,50550.59,21.103225806451615,1969.41,1,1520.64,5.9,Wind Turbine,Eastern Grid,2000,87.93,3.51
WTG-010,2023-02,0.9873071428571428,45361.94,21.63214285714286,1980.27,0,0.0,0.0,Wind Turbine,Eastern Grid,2000,90.13,3.15
WTG-010,2023-03,0.9559193548387097,45741.82,20.9,1930.94,0,0.0,0.0,Wind Turbine,Eastern Grid,2000,87.08,3.18
WTG-010,2023-04,0.92259,43798.05,20.993333333333332,1789.48,0,0.0,0.0,Wind Turbine,Eastern Grid,2000,87.47,3.04
WTG-010,2023-05,0.8494870967741935,40915.03,20.925806451612903,1690.45,0,0.0,0.0,Wind Turbine,Eastern Grid,2000,87.19,2.84
WTG-010,2023-06,0.7839466666666667,38011.08,20.78666666666667,1571.42,1,8124.79,37.4,Wind Turbine,Eastern Grid,2000,86.61,2.64
WTG-010,2023-07,0.7578225806451613,37725.04,21.387096774193548,1605.78,1,3915.58,17.8,Wind Turbine,Eastern Grid,2000,89.11,2.62
WTG-010,2023-08,0.7466645161290323,37624.06,21.625806451612902,1503.01,1,1106.69,5.7,Wind Turbine,Eastern Grid,2000,90.11,2.61
WTG-010,2023-09,0.79296,39116.17,21.033333333333335,1672.57,1,1026.73,3.7,Wind Turbine,Eastern Grid,2000,87.64,2.72
WTG-010,2023-10,0.8524419354838709,41114.19,21.490322580645163,1662.62,0,0.0,0.0,Wind Turbine,Eastern Grid,2000,89.54,2.86
WTG-010,2023-11,0.9097633333333334,44145.58,21.279999999999998,1843.95,0,0.0,0.0,Wind Turbine,Eastern Grid,2000,88.67,3.07
WTG-010,2023-12,0.9624709677419355,49071.4,21.32903225806452,1920.37,1,5225.93,19.2,Wind Turbine,Eastern Grid,2000,88.87,3.41
WTG-011,2023-01,0.9859064516129031,66871.07,20.961290322580645,2810.33,0,0.0,0.0,Wind Turbine,Western Grid,3000,87.34,3.1
WTG-011,2023-02,0.9943964285714285,68456.16,20.771428571428572,2965.18,0,0.0,0.0,Wind Turbine,Western Grid,3000,86.55,3.17
WTG-011,2023-03,0.9705774193548388,71574.21,20.88064516129032,2913.45,0,0.0,0.0,Wind Turbine,Western Grid,3000,87.0,3.31
WTG-011,2023-04,0.9373566666666666,68578.45,21.326666666666664,2789.65,0,0.0,0.0,Wind Turbine,Western Grid,3000,88.86,3.17
WTG-011,2023-05,0.866083870967742,63629.4,21.05806451612903,2684.2,1,1847.07,5.5,Wind Turbine,Western Grid,3000,87.74,2.95
WTG-011,2023-06,0.8010366666666666,55468.57,20.470000000000002,2397.99,0,0.0,0.0,Wind Turbine,Western Grid,3000,85.29,2.57
WTG-011,2023-07,0.7693516129032257,57153.91,21.287096774193547,2331.8,1,1289.08,3.8,Wind Turbine,Western Grid,3000,88.7,2.65
WTG-011,2023-08,0.7605806451612903,57729.72,21.093548387096774,2341.56,0,0.0,0.0,Wind Turbine,Western Grid,3000,87.89,2.67
WTG-011,2023-09,0.8045866666666667,57793.03,20.903333333333332,2411.58,0,0.0,0.0,Wind Turbine,Western Grid,3000,87.1,2.68
WTG-011,2023-10,0.8523580645161289,65249.159999999996,20.79032258064516,2626.95,0,0.0,0.0,Wind Turbine,Western Grid,3000,86.63,3.02
WTG-011,2023-11,0.9162133333333333,66801.14,20.83,2839.08,0,0.0,0.0,Wind Turbine,Western Grid,3000,86.79,3.09
WTG-011,2023-12,0.953941935483871,71800.06,21.480645161290322,2987.63,1,6239.75,15.8,Wind Turbine,Western Grid,3000,89.5,3.32
WTG-012,2023-01,0.988558064516129,47555.26,21.345161290322583,1988.15,1,4264.33,23.5,Wind Turbine,Eastern Grid,2000,88.94,3.3
WTG-012,2023-02,0.997875,45297.6,20.65357142857143,1929.27,0,0.0,0.0,Wind Turbine,Eastern Grid,2000,86.06,3.15
WTG-012,2023-03,0.9807387096774193,50111.38,21.029032258064515,1922.55,0,0.0,0.0,Wind Turbine,Eastern Grid,2000,87.62,3.48
WTG-012,2023-04,0.9265533333333333,45005.2,20.846666666666668,1973.6,1,789.83,3.7,Wind Turbine,Eastern Grid,2000,86.86,3.13
WTG-012,2023-05,0.8685483870967742,43250.51,20.306451612903224,1794.49,0,0.0,0.0,Wind Turbine,Eastern Grid,2000,84.61,3.0
WTG-012,2023-06,0.8086766666666667,39492.61,21.186666666666667,1661.15,1,1746.46,5.0,Wind Turbine,Eastern Grid,2000,88.28,2.74
WTG-012,2023-07,0.7701645161290323,38738.87,21.183870967741935,1622.67,0,0.0,0.0,Wind Turbine,Eastern Grid,2000,88.27,2.69
WTG-012,2023-08,0.7608774193548387,37880.85,21.161290322580644,1619.25,0,0.0,0.0,Wind Turbine,Eastern Grid,2000,88.17,2.63
WTG-012,2023-09,0.8142033333333333,37953.95,20.703333333333333,1567.95,0,0.0,0.0,Wind Turbine,Eastern Grid,2000,86.26,2.64
WTG-012,2023-10,0.8736225806451613,45178.59,21.13225806451613,1765.17,0,0.0,0.0,Wind Turbine,Eastern Grid,2000,88.05,3.14
WTG-012,2023-11,0.9470566666666667,45871.02,21.363333333333333,1918.13,0,0.0,0.0,Wind Turbine,Eastern Grid,2000,89.01,3.19
WTG-012,2023-12,0.9863451612903226,50041.11,21.061290322580643,1972.31,1,1839.45,5.3,Wind Turbine,Eastern Grid,2000,87.76,3.48
